Vendor Name,Primary Phone,Fax,Address,City,State,Zip,Preferred,Electronic
**IN-HOUSE - 15678,(805) 581-1671,N/A,2150 AGATE CT,SIMI VALLEY,CA,93065,TRUE, 
1-800-Radiator Cal South - 15678,(800) 723-4286,N/A,"32+WHS, DELVR DAILY/OVERNIGHT",SO CAL,CA,91767,FALSE,Electronic
1001 Best Autolite Dist.,(866) 567-3500,N/A,12821 Commerce Lakes Dr Unit 10,Fort Myers,FL,33913,FALSE,Electronic
101 Recovery & Tow - 15678,(805) 236-1645,N/A,1340 Redwood St.,Oxnard,CA,93033,FALSE, 
1ST HONDA - 15678,(805) 584-6646,N/A,2283 FIRST STREET,SIMI VALLEY,CA,93065,TRUE,Electronic
1ST KIA - 15678,(805) 306-1076,N/A,2283 First Honda,Simi Valley,CA,93065,TRUE, 
1ST NISSAN - 15678,(805) 526-5007,N/A,2283 FIRST STREET,SIMI VALLEY,CA,93065,TRUE, 
4 WHEEL PARTS - 15678,(805) 495-3344,N/A,n/a,THOUSAND OAKS,CA,91362,FALSE, 
A&B TOWING - 15678,(818) 232-1438,N/A,8548 RESEDA BLVD,NORTHRIDGE,CA,91324,FALSE, 
A1 AUTO WRECKING - 15678,(559) 268-4623,N/A,3465 S Chestnut Ave,FRESNO,CA,93725,FALSE, 
A1 LOCK AND SAFE - 15678,(805) 526-8396,N/A,1482 LOS ANGELES AVENUE,SIMI VALLEY,CA,93065,FALSE, 
ABLE 2 LABEL - 15678,(713) 402-9900,N/A,11518 SOCORRO LN,TOMBALL,TX,77377,FALSE, 
above all glass - 15678,(805) 578-8900,N/A,n/a,Thousand Oaks,CA,91362,FALSE, 
ACE AUTOWRECKING - 15678,(562) 633-7700,N/A,7315 ROSECRANS AVE,PARAMOUNT,CA,90723,FALSE, 
ACURA OF GLENDALE - 15678,(818) 409-0005,N/A,505 S. BRAND BLVD,GLENDALE,CA,91204,FALSE, 
ADHESIVE TEMPLATES - 15678,(888) 249-3350,N/A,4717 Campus Drive,Kalamazoo,MI,49008,FALSE,Electronic
Advanced Tinting - 15678,(805) 529-0107,N/A,5150 Goldman Ave. Unit H,Moorpark,CA,93021,FALSE, 
Aeromotive - 15678,(224) 535-9220,N/A,345 Willard Ave,Elgin,IL,60120,FALSE, 
airbag express - 15678,(213) 590-3260,N/A,poBox 3404,Glendale,CA,31221,FALSE, 
Airgas - 15678,(805) 520-2725,N/A,1910 Bishop Ln,Simi Valley,CA,93063,FALSE, 
AIRTIGHT AUTO GLASS - 15678,(805) 558-6060,N/A,MOBILE,SIMI VALLEY,CA,93065,TRUE, 
Akzo Nobel - 15678,(800) 656-2332,N/A,535 Marriott Dr Ste 500,Nashville,TN,37214,FALSE, 
ALEXANDER GMC - 15678,(818) 582-6100,N/A,2100 1ST ST,SIMI VALLEY,CA,93065,FALSE, 
Alexander Hyundai of Oxnard - 15678,(000) 000-0000,N/A,1600 Auto Center Dr,Oxnard,CA,93036,TRUE, 
ALL AUTO PARTS - 15678,(909) 356-8686,N/A,15755 ARROW HIGHWAY,FONTANA,CA,92335,FALSE, 
All European Auto Supply - 15678,(248) 399-9211,N/A,1450 JARVIS ST,FERNDALE,MI,48220,FALSE,Electronic
All Star Auto Lights - 15678,(951) 588-6890,N/A,5952 Jasmine ST,Riverside,CA,92504,FALSE, 
ALL STAR AUTO LIGHTS CA - 15678,(951) 588-6890,N/A,5952 JASMINE STREET,RIVERSIDE,CA,92504,FALSE, 
ALLIED AUTO GLASS - 15678,(805) 581-4441,N/A,1842 E LOS ANGELES AVE,SIMI VALLEY,CA,93065,FALSE, 
ALPHA AUTOMOTIVE - 15678,(888) 371-3050,N/A,3980 VELP AVENUE,GREEN BAY,WI,54313,FALSE,Electronic
ALTERNATIVE EMBLEMS - 15678,(866) 462-3484,N/A,1812 MT CARMEL CHURCH RD,CHAPEL HILL,NC,27517,FALSE,Electronic
amazon.com - 15678,(888) 280-4331,N/A,PO Box 81126,seattle,WA,98108,FALSE, 
AMERICA'S TIRE - 15678,(805) 579-7921,N/A,2383 FIRST ST,SIMI VALLEY,CA,93065,FALSE, 
AMERICAN DISMANTLING - 15678,(909) 822-3715,N/A,15303 ARROW BLVD,FONTANA,CA,92335,FALSE, 
American Wrap Company - 15678,(661) 878-5587,N/A,"2697 Lavery Court, Ste. #16",Newbury Park,CA,93065,FALSE, 
ANTELOPE VALLEY CHEVROLET - 15678,(661) 952-2300,N/A,1160 MOTOR LANE,LANCASTER,CA,93534,TRUE, 
ANTELOPE VALLEY NISSAN - 15678,(661) 274-4700,N/A,451 AUTO CENTER DRIVE,PALMDALE,CA,93551,FALSE, 
ARKCO SECURITY - 15678,(805) 584-6869,N/A,5924 E LOS ANGELES AVE,SIMI VALLEY,CA,93065,FALSE, 
ASTECH - 15678,(888) 486-1166,N/A,2600 TECHNOLOGY DR SUITE 900,PLANO,TX,75074,FALSE, 
ASTRO AUTO PARTS - 15678,(909) 381-4440,N/A,527 E. MILL STREET,SAN BERNARDINO,CA,92408,FALSE, 
ATM Auto Repair - 15678,(805) 341-0134,N/A,885 Calle Ciruelo,Thousand Oaks,CA,91360,FALSE, 
Audi Calabasas - 15678,(818) 574-3211,N/A,1,Calabasas,CA,91302,TRUE, 
Audi Oxnard - 15678,(805) 288-7728,N/A,1600 Ventura Blvd,Oxnard,CA,93036,FALSE, 
AUDIO CONCEPTS - 15678,(805) 526-8558,N/A,1774 E LOS ANGELES AVE,SIMI VALLEY,CA,93065,FALSE, 
AUTO ANYTHING - 15678,(800) 874-8888,N/A,WWW.AUTOANYTHING.COM,SAN DIEGO,CA,92134,FALSE, 
Auto Data Labels  - 15678,(631) 667-2382,N/A,P.O Box 741668,ATLANTA,GA,30374,FALSE,Electronic
AUTO PARTS SPECIALIST - 15678,(866) 837-1277,N/A,"100 E. Main Street, Unit A,",Ontario,CA,91761,FALSE, 
"AUTO QUEST DISMANTLIN, INC - 15678",(818) 767-0707,N/A,42234 4TH STREET,LANCASTER,CA,93535,FALSE, 
AUTO TEK DIAGNOSTICS - 15678,(323) 404-6398,N/A,7857 SAUSALITO AVE,WEST HILLS,CA,91304,FALSE, 
AUTONATION - 15678,(661) 284-6625,N/A,23551 MAGIC MOUNTAIN PKWY,VALENCIA,CA,91355,FALSE, 
Autozone - 15678,(805) 583-4877,N/A,2375 Sycamore #D,Simi Valley,CA,93063,FALSE, 
AVILA'S AUTO REPAIR - 15678,(805) 210-5920,N/A,1842 E LOS ANGELES AVE #B3,SIMI VALLEY,CA,93065,FALSE, 
Basic Auto parts - 15678,(323) 585-5505,N/A,5537 Bandera st,Los Angeles,CA,90058,FALSE, 
Bells Auto Parts - 15678,(818) 767-7197,N/A,8777 San Fernando RD,Sun Valley,CA,91352,FALSE, 
BELLS AUTO PARTS AND WRECKING - 15678,(818) 767-7197,N/A,8777 SAN FERNANDO RD.,SUN VALLEY,CA,91352,FALSE, 
Best Autolite Disstributors - 15678,(239) 225-0733,N/A,7426 Cherry ave,Fontana,CA,92336,FALSE,Electronic
BEST CHOICE AUTO PARTS - 15678,(626) 531-7130,N/A,797 ALPHA ST,DUARTE,CA,91010,FALSE, 
BG PETROSPECS DISTRIBUTING INC. - 15678,(805) 498-4546,N/A,3301 GRANDE VISTA DR.,NEWBURY PARK,CA,91320,FALSE, 
BIG BRAND - 15678,(805) 465-8800,N/A,983 E.EASY STREET,SIMI VALLEY,CA,93065,FALSE, 
BILL SMITH AUTO PARTS - 15678,(217) 367-5090,N/A,3405 COUNTRYVIEW RD,URBANA,IL,61802,FALSE, 
BK AUTO WRECKING - 15678,(562) 630-5223,N/A,14134 GARFIELD AVE,PARAMOUNT,CA,90723,FALSE, 
BK Honda - 15678,(805) 581-1671,N/A,2150 Agate St,Simi Valley,CA,93065,FALSE, 
BLACKBURNOEMWHEELSOLUTIONS - 15678,(800) 981-8321,N/A,1001 PASTER COURT,MACEDONIA,OH,44056,FALSE, 
Blessed Towing - 15678,(818) 400-0116,N/A,n/a,Simi Valley,CA,93062,FALSE, 
BOB COSLETT CUSTOM PINSTRIPING - 15678,(805) 341-1553,N/A,MOBILE,SIMI VALLEY,CA,93065,FALSE, 
BOB SMITH BMW - 15678,(818) 340-9640,N/A,',Calabasas,CA,91302,TRUE, 
BONEYARD AUTO PARTS - 15678,(310) 327-2950,N/A,440 EAST REDONDO BEACH BLVD,GARDENA,CA,92065,FALSE, 
BORLA PERFORMANCE - 15678,(423) 979-4000,N/A,500 BORLA DRIVE,JOHNSON CITY,TN,37604,FALSE, 
BROCK SUPPLY ARIZONA - 15678,(800) 528-4400,N/A,2150  E RIO SALADO,TEMPE,AZ,85281,FALSE,Electronic
BRUCAR LOCKSMITH - 15678,(805) 241-0777,N/A,355 E AVENIDA DE LOS,THOUSAND OAKS,CA,91360,FALSE, 
BUMPER 2 BUMPER - 15678,(818) 889-6587,N/A,31143 VIA COLINAS,WESTLAKE VILLAGE,CA,91362,FALSE, 
C&C SERVICES - 15678,(818) 220-3842,N/A,8220 SHIRLEY AVE,RESEDA,CA,91335,FALSE, 
CALIFNORNIA MINI TRUCKING - 15678,(909) 622-1381,N/A,4002 STATE,MONTCLAIR,CA,91763,FALSE, 
Camacho Mitsubishi - 15678,(661) 945-2600,N/A,401Auto Vista Dr,palmdale,CA,93551,FALSE, 
CAMARILLO TOWING - 15678,(805) 388-1185,N/A,372 DAWSON DRIVE,CAMARILLO,CA,93012,FALSE, 
CANOGA HUB CAP - 15678,(818) 716-7735,N/A,7801 CANOGA AVENUE,CANOGA PARK,CA,91304,FALSE, 
Car Pros El Monte Honda - 15678,(555) 555-5555,N/A,1 b,ANYTOWN,CA,55555,FALSE, 
CAR PROS GLENDALE - 15678,(818) 745-1103,N/A,400 S. BRAND BLVD.,GLENDALE,CA,91204,FALSE, 
CarID.com - 15678,(800) 505-3274,N/A,1 Corporate Drive,Cranbury,NJ,08512,FALSE, 
CELL ENERGY - 15678,(805) 527-2288,N/A,4268 LOS ANGELES AVE,SIMI VALLEY,CA,93063,FALSE, 
CENTER ACURA - 15678,(818) 782-1120,N/A,.,VAN NUYS,CA,91401,FALSE, 
CENTER BMW - 15678,(818) 990-9518,N/A,5230 VAN NUYS BLVD,SHERMAN OAKS,CA,91401,FALSE, 
CGS MOBILE WINDOW TINTING - 15678,(818) 312-0562,N/A,PO BOX 940781,SIMI VALLEY,CA,93094,FALSE, 
CHAMPIONSHIP MUFFLER - 15678,(805) 522-7620,N/A,1842 E LOS ANGELES AVE,SIMI VALLEY,CA,93065,FALSE, 
Cherry Auto Parts - 15678,(818) 767-0047,N/A,11911 Sheldon Street,Sun Valley,CA,91352,FALSE, 
CITY AUTO BODY (IN-HOUSE) - 15678,(805) 581-1671,N/A,2150 AGATE CT,SIMI VALLEY,CA,93065,FALSE, 
CJ PONY PARTS - 15678,(717) 657-9252,N/A,7461 ALLENTOWN BLVD,HARRISBURG,PA,17112,FALSE, 
CLIPS PLUS - 15678,(805) 210-0630,N/A,n.a,SIMI VALLEY,CA,93065,FALSE, 
CLS AUTOPARTS - 15678,(818) 767-0047,N/A,11911 SHELDON ST,SUN VALLEY,CA,91352,FALSE, 
Collision Stone Guard - 15678,(608) 534-5211,N/A,W 22191 11th Street,Trempealeau,WI,54661,FALSE,Electronic
COMMERCIAL RADIATOR SERVICE - 15678,(805) 527-3332,N/A,864 E LOS ANGELES AVE,SIMI VALLEY,CA,93065,FALSE, 
Completes Plus A/M - 15678,(888) 500-6557,N/A,15912 HAWTHORNE BLVD.,LAWNDALE,CA,90260,FALSE, 
costco - 15678,(180) 558-1167 x1,N/A,2150 AGATE CT.,Simi Valley,CA,93065,FALSE, 
Crossroads Auto Dismantling - 15678,(877) 232-6737,N/A,12421 Riverside Dr.,Eastvale,CA,91752,FALSE, 
CROWN DODGE CHRYSLER JEEP - 15678,(805) 656-0825,N/A,6300 KING STREET,VENTURA,CA,93003,FALSE, 
Crown Dodge Chrysler Jeep RAM - 15678,(555) 555-5555,N/A,6300 King Dr.,Ventura,CA,93003,TRUE, 
CRYSTAL AUTO INC. - 15678,(818) 899-5600,N/A,12281 BRANFORD ST,SUN VALLEY,CA,91352,FALSE,Electronic
CULVER CITY - 15678,(310) 341-4721,N/A,11215 W. WASHINGTON BLVD,CULVER CITY,CA,90230,FALSE, 
D WRAPS - 15678,(805) 507-9300,N/A,155 E EASY ST,SIMI VALLEY,CA,93065,FALSE, 
Daco Truck&Van - 15678,(818) 892-8327,N/A,8454 Sepulveda Blvd.,North Hills,CA,91343,FALSE, 
DANGELOS AUTOMOTIVE & IND COATING - 15678,(805) 587-2788,N/A,1114 INDUSTRIAL AVENUE,OXNARD,CA,93030,FALSE, 
Dave Kerr - 15678,(805) 581-1671,N/A,2150 Agate Court,"Simi Valley,",CA,93065,FALSE, 
DAVES TOWING SERVICE - 15678,(805) 526-4221,N/A,890 WEST LOS ANGELES AVE.,SIMI VALLEY,CA,93065,FALSE, 
DCD CUSTOMS - 15678,(818) 838-1100,N/A,9520 De Soto Ave,Chatsworth,CA,91311,FALSE, 
DCH FORD OF THOUSAND OAKS - 15678,(805) 497-2711,N/A,.,Thousand Oaks,CA,91362,FALSE, 
DCH HONDA - 15678,(805) 204-4787,N/A,1500 E VENTURA BLVD,OXNARD,CA,93036,FALSE, 
DCH LEXUS OF OXNARD - 15678,(805) 988-8500,N/A,1640 AUTO CENTER DRIVE,OXNARD,CA,93036,FALSE, 
DCH Subaru of Thousand Oaks - 15678,(805) 379-4490,N/A,3725 AUTO MALL DR,THOUSAND OAKS,CA,91362,TRUE, 
Delta 1 Auto Dismantling - 15678,(916) 204-2059,N/A,11450 Elks Circle Suite E,Rancho Cordova,CA,95742,FALSE, 
Dent Krafters - 15678,(111) 111-1111,N/A,P.O. Box 6404,Ventura,CA,93006,FALSE, 
"DENT WIZARD, INC. - 15678",(310) 722-3820,N/A,3867 COLLECTION CENTER DR,CHICAGO,IL,60693,FALSE, 
DEPENDABLE AUTO PARTS - 15678,(920) 563-7363,N/A,N1814 HWY 12,FORT ATKINSON,WI,53538,FALSE, 
DEPENDABLE DODGE - 15678,(818) 348-0143,N/A,21415 ROSCOE BOULEVARD,CANOGA PARK,CA,91304,FALSE, 
DIAMOND - 15678,(661) 947-6000,N/A,39012 CARRIAGE WAY,PALMDALE,CA,93551,FALSE, 
DISCOUNT WINDOW TINTING - 15678,(818) 703-7662,N/A,MOBILE,WOODLAND HILLS,CA,91367,FALSE, 
DONAHUE TRUCK CENTER - 15678,(805) 525-9900,N/A,"11111, SAN",SANTA PAULA,CA,93060,FALSE, 
Door Ding Guy - 15678,(805) 341-6829,N/A,/,Thousand Oaks,CA,91360,FALSE, 
DUKES ROAD SERVICE - 15678,(877) 748-2969,N/A,3500 EAGLE ROCK BLVD,LOS ANGELES,CA,90065,FALSE, 
EBAY - 15678,(999) 999-9999,N/A,.,INTERNET,CA,99999,FALSE, 
Eckharts Trailer Hitch - 15678,(805) 379-4395,N/A,.,Thousand Oaks,CA,91362,FALSE, 
EDDIES TOWING - 15678,(805) 499-1492,N/A,2456 TELLER ROAD,NEWBURY PARK,CA,91320,FALSE, 
ELITE EURO PARTS - 15678,(805) 888-0044 x805,N/A,"7955 Haskell Ave, #12",Van Nuys,CA,91406,FALSE,Electronic
ELITEK - 15678,(888) 988-8888 x88888888,N/A,1910 Crown RD,Framers Branch,TX,75234,FALSE, 
ENTERPRISE RENT A CAR - 15678,(805) 522-4001,N/A,764 E LOS ANGELES AVE,SIMI VALLEY,CA,93065,FALSE, 
ETRAILER - 15678,(636) 887-9300,N/A,1507 E. HIGHWAY A,WENTZVILLE,MO,63385,FALSE, 
EXCLUSIVE AUTO GRAPHICS - 15678,(661) 904-0477,N/A,3736 CORY AVE,ACTON,CA,96510,FALSE, 
FAST SIGNS - 15678,(805) 527-9491,N/A,480 EAST EASY STREET #3,SIMI VALLEY,CA,93085,FALSE, 
FAST UNDER CAR - 15678,(805) 498-3410,N/A,3701 OLD CONEJO RD,NEWBURY PARK,CA,91320,FALSE, 
FIAT OF GLENDALE - 15678,(818) 242-4161,N/A,900 SOUTH BRAND BLVD,GLENDALE,CA,91204,FALSE, 
FINDPIGTAILS.COM - 15678,(844) 255-5899,N/A,9215 THOMASVILLE DR,HOUSTON,TX,77064,FALSE, 
Frigiking - 15678,(805) 527-6121,N/A,864 E Los Angeles,Simi Valley,CA,93065,FALSE, 
FULFILMENT WAREHOUSE - 15678,(555) 555-5555,N/A,761 PROGRESS WAY,LA SALLE,IL,61301,FALSE, 
Full Impact Technologies - 15678,(111) 111-1111,N/A,5441 Nassau Cir E,Englewood,CO,80113,FALSE,Electronic
Function Factory - 15678,(480) 576-8606,N/A,..,Simi Valley,CA,93062,FALSE, 
GALPIN HONDA - 15678,(818) 778-2005,N/A,11151 Laurel Canyon Blvd.,San Fernando,CA,91340,TRUE,Electronic
GALPIN MOTOR - 15678,(818) 922-3775,N/A,15505 ROSCOE BLVD,NORTH HILLS,CA,91343,FALSE, 
GASOLINE - 15678,(555) 555-5555,N/A,11111,SIMI VALLEY,CA,93065,FALSE, 
Genesis of Westlake Village - 15678,(805) 418-9092,N/A,1,Thousand Oaks,CA,91362,FALSE, 
GERMAN AUTO PARTS DEPOT - 15678,(818) 787-2010,N/A,7341 ATOLL AVE,NORTH HOLLYWOOD,CA,91605,FALSE, 
GERMAN AUTO SPECIALIST - 15678,(805) 522-5338,N/A,2180 1ST ST,SIMI VALEY,CA,93065,FALSE, 
Get Part LA INC - 15678,(424) 331-9599,N/A,13705 Cimarron,Gardena,CA,90249,FALSE, 
GHOST SHIELD - 15678,(805) 402-8298,N/A,1168 TOURMALINE DR,NEWBURY PARK,CA,91320,FALSE, 
Gibson Performance Motorsports - 15678,(951) 372-1220,N/A,1270 Webb Circle,Corona,CA,92879,FALSE, 
Glendale Infiniti - 15678,(818) 696-9311,N/A,812 South Brand,glendale,CA,91204,FALSE, 
GLENDALE KIA - 15678,(818) 745-1103,N/A,400 S BRAND BLVD.,GLENDALE,CA,91204,FALSE, 
GLT SIGNS - 15678,(925) 229-5411,N/A,411 FERRY ST,MARTINEZ,CA,94553,FALSE, 
Go Parts - 15678,(844) 321-7278,N/A,8076 Niven Ct,Sacramento,CA,95829,FALSE,Electronic
GOLD COAST ACURA - 15678,(805) 642-9042,N/A,3195 Perkin Ave,Ventura,CA,93003,TRUE,Electronic
GRAND AMERICAN TIRES - 15678,(805) 527-1515,N/A,1806 LOS ANGELES AVENUE,SIMI VALLEY,CA,93065,FALSE, 
Green Auto Parts & Recycling - 15678,(818) 767-7197,N/A,8777 San Fernando rd.,Sun Valley,CA,91352,FALSE, 
GREEN LIGHT USED AUTO PARTS - 15678,(818) 504-1111,N/A,10975 TUXFORD ST.,SUN VALLEY,CA,91352,FALSE, 
H&H Wholesale Parts - 15678,(818) 771-0926,N/A,12860 Muscatine St,Simi Valley,CA,91331,FALSE, 
HAMER HONDA - 15678,(818) 609-7441,N/A,1,RESEDA,CA,91335,FALSE, 
HAMER TOYOTA - 15678,(818) 365-9621,N/A,11041 SEPULVEDA BLVD,MISSION HILLS,CA,91345,FALSE, 
Harbor Freight - 15678,(805) 582-1410,N/A,999 E Los Angeles Ave,Simi Valley,CA,93065,FALSE, 
Harbor Hyundai Auto Group Chevrolet - 156,(562) 424-8161,(562) 424-8161,CHERRY AVE,LONG BEACH,CA,90807,FALSE, 
HAROUTS - 15678,(818) 896-2622,N/A,12301 BRANFORD ST,SUN VALLEY,CA,91352,FALSE, 
HEADLAMPS OF AMERICA - 15678,(888) 760-1296,N/A,PO BOX 7775,SAN FRANCISVO,CA,94120,FALSE,Electronic
HEADLIGHTS DEPOT - 15678,(800) 656-9551,N/A,"2201 N  ANDREWS AVE, STE 105",POMPANO BEACH,FL,33069,FALSE,Electronic
HERTZ - 15678,(805) 527-1477,N/A,1030 E LOS ANGELES AVE,SIMI VALLEY,CA,93065,FALSE, 
HF Auto Parts - 15678,(818) 834-2000,(855) 831-6666,11975 Branford St.,Sun Valley,CA,91352,FALSE, 
HI-TECH AUTO & TIRE CENTER - 15678,(805) 529-8800,N/A,13806 PRINCETON AVE,MOORPARK,CA,93021,FALSE, 
HIWAY AUTO - 15678,(909) 887-9332,N/A,5401 INDUSTRIAL PARKWAY,SAN BERNARDINO,CA,92407,FALSE, 
Holden Parts USA - 15678,(555) 555-5555,N/A,Industry Dr,Castaic,CA,91384,FALSE, 
HONDA FOREIGN AUTO PARTS - 15678,(818) 834-2000,N/A,11975 BRANFORD ST.,SUN VALLEY,CA,91352,FALSE, 
HONDA LANCASTER - 15678,(661) 945-3521,N/A,43244 DRIVERS WAY,LANCASTER,CA,93534,FALSE, 
Honda of Thousand Oaks - 15678,(805) 371-5500,N/A,3925 Auto Mall Dr,Thousand Oaks,CA,91362,TRUE, 
Honda Parts Connection - 15678,(866) 587-1233,N/A,300 Gadsden Highway,Birmingham,AL,35235,FALSE, 
HOOPERS - 15678,(818) 899-2515,N/A,12201 Branford St,SUN VALLEY,CA,91352,FALSE, 
HotCarAccessories.com - 15678,(352) 688-8160,N/A,13721 Linden Drive,Spring Hill,FL,34609,FALSE, 
HOWDY AUTO DISMANTLER - 15678,(310) 816-0679,N/A,1018 ALAMEDA ST,WILMINGTON,CA,90744,FALSE, 
Hybrid Auto Parts - 15678,(818) 293-9630,N/A,9787 Glen Oaks Blvd,Sun Valley,CA,91352,FALSE, 
Imperial Auto - 15678,(818) 205-8418,N/A,10656 Wilsey Ave,Tujunga,CA,91042,FALSE, 
Indoor Comfort Solutions - 15678,(805) 583-0084,N/A,1566 Mayfair St,Simi Valley,CA,93065,FALSE, 
INFINITI OF THOUSAND OAKS - 15678,(805) 230-8261,N/A,1,THOUSAND OAKS,CA,91362,TRUE, 
IPART AUTOMOTIVE - 15678,(909) 587-6059,N/A,14975 HILTON DR,FONTANA,CA,92336,FALSE,Electronic
IPart Automotive 1 - 15678,(909) 587-6059,N/A,14975 Hilton Dr,Fontana,CA,92336,FALSE,Electronic
Irvine BMW - 15678,(949) 380-4100,N/A,9881 Research Drive,Irvine,CA,92618,FALSE, 
JAGAUAR LAND ROVER VENTURA - 15678,(805) 654-0100,N/A,3190 PERKIN AVENUE,VENTURA,CA,93003,FALSE, 
JAGUAR LAND ROVER THOUSAND OAKS - 15678,(805) 267-3600,N/A,3601 AUTO MALL DRIVE,THOUSAND OAKS,CA,91362,FALSE, 
JANTE wheel - 15678,(865) 444-6750,N/A,228 DUNAVANT DRIVE,ROCKFORD TN,CA,37053,FALSE, 
Jim's Tire Center - 15678,(805) 581-1104,N/A,1525 Los Angeles Ave,Simi Valley,CA,93065,FALSE, 
Jim’s Fillmore Towing - 15678,(000) 000-0000,N/A,N/a,n/a,CA,00000,FALSE, 
JMP AUTOWERKZ - 15678,(818) 457-4967,N/A,7259 DEERING AVE,SIMI VALLEY,CA,93065,FALSE, 
JP Auto 2,(000) 000-0000,N/A,20 Haypress Rd,Cranbury,NJ,08512,FALSE,Electronic
K & P AUTO DISMANTLERS - 15678,(909) 428-6898,N/A,15295 WHITTRAM AVE.,FONTANA,CA,92335,FALSE, 
Kent Automotive - 15678,(847) 827-9666,N/A,8770 W. Bryn Mawr,Chicago,IL,60631,FALSE, 
KENT AUTOMOTIVE 1 - 15678,(847) 827-9666,N/A,P.O. BOX 809401,CHICAGO,IL,60680,FALSE, 
KEYES AUDI - 15678,(818) 907-4482,N/A,.,VAN NUYS,CA,91401,TRUE, 
KEYES HYUNDAI - 15678,(818) 926-4574,N/A,/,VAN NUYS,CA,91401,FALSE, 
KEYES LEXUS (Lithia) - 15678,(818) 379-6700,N/A,.,VAN NUYS,CA,91401,TRUE, 
KEYES TOYOTA - 15678,(818) 782-0122,N/A,.,VAN NUYS,CA,91401,TRUE, 
Keystone - Complete - Santa Fe Springs - 3,(800) 243-4340,N/A,1 b,ANYTOWN,CA,55555,TRUE,Electronic
KIA of Irvine - 15678,(949) 777-2300,N/A,45 oldfield,irvine,CA,92618,FALSE, 
KIA OF VENTURA - 15678,(805) 644-2241,N/A,6424 Auto Center Dr.,Ventura,CA,93003,FALSE, 
Kirby Subaru of Ventura - 15678,(805) 641-2787,N/A,6404 Auto Center Dr.,Ventura,CA,93003,TRUE, 
KNA Racing - 15678,(408) 823-0677,N/A,102 N1st,Williams,AZ,86046,FALSE, 
LA Auto Gallery - 15678,(818) 449-6537,N/A,.,Van Nuys,CA,91401,FALSE, 
LAND ROVER ENCINO - 15678,(818) 861-9021,N/A,15800 VENTURA BLVD,ENCINO,CA,91436,FALSE, 
LATE MODEL RESTORATION - 15678,(180) 558-1167 x1,N/A,2150 AGATE CT.,Simi Valley,CA,93065,FALSE, 
LEXUS OF THOUSAND OAKS - 15678,(805) 267-3400,N/A,3755 AUTO MALL DR,THOUSAND OAKS,CA,91362,FALSE, 
LEXUS OF WOODLAND HILLS - 15678,(818) 444-9700,N/A,21701 VENTURA BOULEVARD,WOODLAND HILLS,AL,91364,FALSE, 
LIN'S AUTO DISMANTLING - 15678,(323) 224-1716,N/A,5166 ALHAMBRA AVE,LOS ANGELES,CA,90032,FALSE, 
LINE-X - 15678,(818) 299-8850,(805) 299-8850,2296 AGATE COURT,SIMI VALLEY,CA,93065,FALSE, 
LKQ - 15678,(800) 525-3667 x5272,N/A,500 West Madison Street,Chicago,IL,60661,TRUE, 
LKQ Corp 70,(000) 000-0000 x0000,N/A,500 West Madison Street,Chicago,IL,60661,FALSE,Electronic
M&L Wheels and Bumpers - 15678,(805) 581-1671,N/A,3392 ALMA AVE,LYNWOOD,CA,90262,FALSE, 
MAGIC MUFFLER - 15678,(805) 526-0792,N/A,886 E LOS ANGELES AVE,SIMI VALLEY,CA,93065,FALSE, 
Major League Towing - 15678,(747) 270-0278,N/A,6947 Lankershim Blvd,North Hollywood,CA,91605,FALSE, 
Martin Auto Color - 15678,(805) 526-3882,N/A,954 Chambers Lane,Simi Valley,CA,93065,FALSE, 
Martin Distributors - 15678,(818) 262-5002,N/A,1237 S Victoria Ave,Ventura,CA,93035,FALSE, 
MBZ BMW - 15678,(818) 897-9180,N/A,9865 San Fernando Rd,Pacoima,CA,91331,FALSE, 
MERCEDES BENZ OF VALENCIA - 15678,(661) 753-5555,N/A,23355 VALENCIA BLVD.,SANTA CLARITA,CA,91355,FALSE, 
MERCEDES OF THOUSAND OAKS - 15678,(805) 371-5400,N/A,3905 AUTO MALL DR,THOUSAND OAKS,CA,91362,TRUE, 
Mercedes-Benz of Long Beach - 15678,(562) 988-8303,N/A,2300 East Spring Street,Signal Hill,CA,90755,FALSE, 
Mercedes-Benz of Oxnard - 15678,(805) 604-6500,N/A,1511 Auto Center Drive,Oxnard,CA,93036,FALSE, 
Meyer Distributing - 15678,(800) 639-3787,N/A,560 E. 25th St.,Jasper,IN,47546,FALSE,Electronic
Mid Auto Dismantling - 15678,(310) 835-4966,N/A,725 Watson Ave,Wilmington,CA,90744,FALSE, 
MIKE VENDITTO PIN STRIPE - 15678,(818) 700-9585,N/A,.,CHATSWORTH,CA,91311,FALSE, 
MIKE'S FOREIGN AUTO PARTS - 15678,(310) 549-5282,N/A,921 EAST ANAHEIM STREET,WILMINGTON,CA,90744,FALSE,Electronic
MISSION HILLS NISSAN - 15678,(818) 838-4444,N/A,11000 SEPULVEDA BLVD,MISSION HILLS,CA,91345,FALSE, 
MobilityWorks - 15678,(818) 780-1788,N/A,7720 N. Sepulveda Blvd,Van Nuys,CA,91405,FALSE, 
MOPARPARTSGIANT.COM - 15678,(818) 723-6262,N/A,JIMDCAB@HOTMAIL.COM,2150 AGATE,CA,93065,FALSE, 
MY AUTO WRECKING - 15678,(626) 305-0059,N/A,700 ALPHA STREET,DUARTE,CA,91010,FALSE, 
NAP - 15678,(714) 367-8890,N/A,14379 Industry Cir,La Mirada,CA,90638,FALSE, 
NAPA - 15678,(707) 252-6811,N/A,2999 CIRCLE 75 PARKWAY,ATLANTA,GA,30339,FALSE, 
NAPA AUTO PARTS - 15678,(805) 494-7822,N/A,"2499 E. THOUSAND OAKS BLVD., THOUSAND OA",SIMI VALLEY,CA,93065,FALSE, 
NEFTIN VOLKSWAGEN - 15678,(805) 497-9404,N/A,3550 Auto Mall Dr,Thousand oaks,CA,91362,TRUE,Electronic
NEFTIN WESTLAKE MAZDA - 15678,(805) 497-9404,(805) 497-7265,3500 AUTO MALL DR.,THOUSAND OAKS,CA,91362,FALSE, 
NEFTIN WESTLAKE VOLVO - 15678,(877) 898-1953,N/A,3550 AUTO MALL DRIVE,THOUSAND OAKS,CA,91362,FALSE, 
NEMOS AUTO - 15678,(626) 358-2224,N/A,712 ALPHA STREET,DUARTE,CA,91010,FALSE, 
NEW LOOK HEADLIGHT - 15678,(818) 731-0307,N/A,12281 BRANDFORD ST,SUN VALLEY,CA,91352,FALSE, 
NISSAN OF THOUSAND OAKS - 15678,(805) 494-1200,N/A,1,THOUSAND OAKS,CA,91362,FALSE, 
Nissan of Tustin - 15678,(714) 669-8288,N/A,30 Auto Center Drive,Tustin,CA,92782,FALSE, 
Nissan of Van Nuys - 15678,(818) 787-8400,N/A,1,VAN NUYS,CA,91401,FALSE, 
Northridge Toyota - 15678,(818) 709-4762,N/A,19550 Nordhoff st,Northridge,CA,91342,FALSE, 
O'GARA COACH - 15678,(855) 853-4245,N/A,.,THOUSAND OAKS,CA,91362,FALSE, 
OCEAN HONDA - 15678,(818) 301-3800,N/A,5841 LANKERSHIM BLVD,NORTH HOLLYWOOD,CA,91601,FALSE, 
OCTANE LIGHTING - 15678,(855) 962-8263,N/A,675 COCHRAN,SIMI VALLEY,CA,93065,FALSE, 
OEM SURPLUS PARTS - 15678,(818) 839-5718,N/A,1421 RAILROAD ST,GLENDALE,CA,91204,FALSE, 
ONTARIO HYUNDAI - 15678,(909) 390-8484,N/A,1307 KETTERING LOOP,ONTARIO,CA,91761,FALSE, 
OPM AUTO DISMANTLING - 15678,(323) 337-5511,N/A,11541 SHELDON ST,SUN VALLEY,CA,91352,FALSE, 
OREILLY - 15678,(805) 306-9209,N/A,1239 EAST LOST ANGELES AVE,SIMI VALLEY,CA,93065,FALSE, 
Original One Parts - 15678,(877) 441-0001,N/A,4201 SPRING VALLEY RD,DALLAS,TX,75244,FALSE,Electronic
OriginalOneParts - 15678,(877) 441-0001,N/A,1431 Kingsland Ave,St. Louis,MO,63133,FALSE,Electronic
OXNARD MITSUBISHI - 15678,(805) 483-5555,N/A,.,OXNARD,CA,93030,FALSE, 
P&M TOWING - 15678,(818) 693-1722,N/A,.,RESEDA,CA,91337,FALSE, 
Pacific Auto Company - 15678,(800) 666-0899,N/A,7945 LANKERSHIM BOULEVARD,NORTH HOLLYWOOD,CA,91605,FALSE,Electronic
PACIFIC AUTO DISMANTLER - 15678,(562) 491-1015,N/A,2423 EAST ANAHEIM,WILMINGTON,CA,90744,FALSE, 
Pacific Rims Inc. - 15678,(800) 928-6746,N/A,941 GARCIA AVE. UNIT A,PITTSBURGH,CA,94565,FALSE, 
PALMDALE HONDA - 15678,(661) 265-6000,N/A,455 AUTO VISTA DR,PALMDALE,CA,93551,FALSE, 
PartsChannel - USAA - North Hollywood - 1,(888) 222-8933,N/A,6836 LANKERSHIM BLVD.,NORTH HOLLYWOOD,CA,91605,FALSE, 
PEP EXPRESS PARTS - 15678,(805) 522-4002,N/A,"PEPBOYS - REMITTANCE DEPT., P.O BOX 8500",SIMI VALLEY,CA,93065,FALSE, 
PEPBOYS - 15678,(805) 522-4002,N/A,660 E Los Angeles,Simi Valley,CA,93065,FALSE, 
PERFORMANCE RADIATOR - 15678,(253) 471-4203,N/A,PO BOX 11224,TACOMA,WA,98411,FALSE, 
Peterson Repair - 15678,(805) 581-2822,N/A,.,Simi Valley,CA,93063,FALSE, 
PHOENIX AUTO WRECKING - 15678,(310) 952-4978,N/A,711.N WATSON AVE,WILMINGTON,CA,90744,FALSE, 
PLATINUM AUTO TRENDS - 15678,(562) 229-7691,N/A,14434 Best Avenue,Santa Fe Springs,CA,90670,FALSE,Electronic
Platinum tow and transport - 15678,(805) 987-3345,N/A,PO Box 3410,Camarillo,CA,93011,FALSE, 
PORSCHE WOODLAND HILLS - 15678,(818) 884-4411,N/A,21301 VENTURA BLVD.,WOODLAND HILLS,CA,91364,FALSE, 
POWERLINE BATTERY SPECIALIST - 15678,(805) 527-2288,N/A,4268 E LOS ANGELES AVE SUITE 101,SIMI VALLEY,CA,93063,FALSE, 
Precision Dent - 15678,(818) 335-1964,N/A,3405 Leora St.,Simi Valley,CA,93063,FALSE, 
"Premier Autolights, Inc - 15678",(786) 381-8623,N/A,4995 E 10 AVE,HIALEAH,FL,33013,FALSE,Electronic
PREMIER WINDOW TINTING - 15678,(805) 584-8468,N/A,1378 E. LOS ANGELES,SIMI VALLEY,CA,93065,FALSE, 
PRO TECH DIAGNOSTICS - 15678,(818) 644-1965,N/A,38713 TIERRA SUBIDA SUITE 200,PALMDALE,CA,93551,FALSE, 
PUENTE HILLS - 15678,(626) 964-7100,N/A,17070 GALE AVE,CITY OF INDUSTRY,CA,91745,FALSE, 
Puente Hills Mazda - 15678,(000) 000-0000,N/A,17723 East Gale Avenue,City of Industry,CA,91748,TRUE, 
QUALITY RECONDITIONING SERVICE - 15678,(805) 402-4995,N/A,1 b,SIMI VALLEY,CA,93065,FALSE, 
QWIK PARTS - 15678,(909) 889-0206,N/A,330 E SIXTH ST,SAN BERNARDINO,CA,92410,FALSE, 
QWIKPARTS AUTO SALVAGE - 15678,(909) 889-0206,N/A,330 6TH ST,SAN BERNARDINO,CA,92410,FALSE, 
RAINBOW AUTO - 15678,(818) 767-0316,N/A,8917 N MORRIS,SUN VALLEY,CA,91352,FALSE, 
RALLY KIA - 15678,(661) 274-7009,N/A,39012 CARRIAGE WAY,PALMDALE,CA,93551,FALSE, 
RANDYS TOWING - 15678,(818) 898-3100,N/A,16606 ROSCOE BLVD,LOS ANGELES,CA,91343,FALSE, 
RealTruck.com - 15678,(866) 396-4855,N/A,2150 Agate Ct,Simi Valley,CA,93065,FALSE, 
RECREATIONAL EQUIPMENT INC - 15678,(800) 426-4840,N/A,1700 45TH STREET EAST,SUMNER,WA,98352,FALSE, 
RELIANCE - 15678,(818) 773-8595,N/A,9536 TOPANGA CANYON BLVD,CHATSWORTH,CA,91311,FALSE, 
Rick'sUsedAutoParts - 15678,(814) 885-6103,N/A,724 Brandy Camp Rd.,Kersey,PA,15846,FALSE, 
RITEWAY AUTO DISMANTLERS - 15678,(909) 350-2576,N/A,15765 ARROW BLVD,FONTANA,CA,92335,FALSE, 
ROY'S TOWING - 15678,(805) 498-6325,N/A,.,THOUSAND OAKS,CA,91362,FALSE, 
RPW Headlamps - 15678,(800) 336-4028,N/A,PO BOX 125,INDIANOLA,IA,50125,FALSE,Electronic
RUSNAK - 15678,(805) 496-6500,N/A,.,THOUSAND OAKS,CA,91362,FALSE, 
Rusnak Audi Pasadena - 15678,(555) 555-5555,N/A,267 W Colorado,Pasadena,CA,91105,TRUE,Electronic
RUSNAK PORSCHE - 15678,(805) 267-5971,N/A,3839 AUTO MALL DR.,THOUSAND OAKS,CA,91362,FALSE, 
Russell Westbrook Alfa Romeo - 15678,(818) 926-4719,N/A,1,Van Nuys,CA,91401,FALSE, 
RUSSELL WESTBROOK HYUNDAI - 15678,(714) 678-2049,N/A,1271 S. AUTO CENTER DR.,ANAHEIM,CA,92806,FALSE, 
RYDELL GMC - 15678,(866) 357-2787,N/A,18600 DEVONSHIRE ST,NORTHRIDGE,CA,91324,FALSE, 
S & S BUMPER REPAIR - 15678,(310) 638-0443,N/A,1437 W 16TH ST,LONG BEACH,CA,90813,FALSE, 
SA TOWING - 15678,(818) 838-2727,N/A,4486 Runway ST,Simi Valley,CA,93063,FALSE, 
SAV ON AUTO PARTS - 15678,(818) 899-2228,N/A,9835 SAN FERNANDO RD,ARLETA,CA,91331,FALSE, 
SCANDINAVIAN SERVICES - 15678,(805) 527-7314,N/A,2001 DONVILLE AVE,SIMI VALLEY,CA,93065,FALSE, 
SCHIMMICKS - 15678,(310) 328-7513,N/A,22704 S NORMANDIE AVE,TORRANCE,CA,90502,FALSE, 
Scott Robertson Chrysler Dodge Jeep and R,(310) 542-0900,N/A,20900 Hawthorne Blvd,Torrance,CA,90503,FALSE, 
SCOTT ROBINSON HONDA - 15678,(310) 371-3521,N/A,20340 HAWTHORNE,TORRANCE,CA,90503,FALSE, 
SERVICE TECH - 15678,(805) 526-1262,N/A,90 W EASTY STREET,SIMI VALLEY,CA,93065,FALSE, 
SHADE of TINT - 15678,(805) 210-5284,N/A,649 e Easy st.,Simi Valley,CA,93065,FALSE, 
SHAVER AUTOMOTIVE GROUP - 15678,(866) 438-5337,N/A,.,THOUSAND OAKS,CA,91362,FALSE, 
Shaw Auto Parts - Team PRP - 15678,(208) 232-5952,N/A,1445 N. 1ST AVE.,POCATELLO,ID,83201,FALSE,Electronic
shortees - 15678,(805) 583-9566,N/A,2150 Agate ct,Simi Valley,CA,93065,FALSE, 
SILVER STAR GMC - 15678,(805) 267-3200,N/A,3601 AUTO MALL DRIVE,THOUSAND OAKS,CA,91362,FALSE, 
SIMI FORD - 15678,(805) 813-8948,N/A,2440 FIRST ST.,SIMI VALLEY,CA,93065,FALSE, 
Simi Hardware Rock & Depot - 15678,(805) 527-7184,N/A,711 E Los Angeles Ave,Simi Valley,CA,93065,FALSE, 
SIMI VALLEY CHEVROLET - 15678,(805) 527-2372,N/A,1001 COCHRAN ST,SIMI VALLEY,CA,93065,FALSE, 
SIMI VALLEY CHRYSLER AND JEEP - 15678,(805) 581-9090,N/A,2350 FIRST ST,SIMI VALLEY,CA,93065,TRUE, 
Simi Valley Toyota - 15678,(805) 426-6600,N/A,2380 First,Simi Valley,CA,93065,TRUE, 
Snap-On - 15678,(805) 432-2224,N/A,P.O. Box 940681,Simi Valley,CA,93094,FALSE, 
SoCal Wrap and Tint (SWAT) - 15678,(805) 526-7928,N/A,4516 Runway Street Unit B,Simi Valley,CA,93063,FALSE, 
South Bay Ford Lincoln - 15678,(310) 706-6160,N/A,5100 W. Rosecrans Avenue,Hawthorne,CA,90250,FALSE, 
SSF IMPORTED AUTO PARTS - 15678,(650) 742-7050,N/A,1 b,anytown,CA,99999,FALSE, 
SUBARU OF GLENDALE - 15678,(818) 396-3900,N/A,1308 SOUTH BRAND BLVD,GLENDALE,CA,91204,FALSE, 
Subaru Sherman Oaks - 15678,(818) 670-7450,N/A,1,Van Nuys,CA,91401,FALSE, 
Suburban Wheel Covers - 15678,(805) 581-1671,N/A,2150 Agate Court,Simi Valley,CA,93065,FALSE, 
Swickard Acura of Thousand Oaks - 15678,(805) 371-5800,N/A,3945 Auto Mall Drive,Thousand Oaks,CA,91362,FALSE,Electronic
SWINK'S TOWING - 15678,(805) 522-2262,N/A,4506 INDUSTRIAL ST.,SIMI VALLEY,CA,93063,FALSE, 
T AND R PERFORMANCE - 15678,(805) 527-2712,N/A,60 W EASY ST,SIMI VALLEY,CA,93065,FALSE, 
TEAM NISSAN - 15678,(805) 485-8787,N/A,1801 AUTO CENTER DR.,OXNARD,CA,93031,FALSE,Electronic
THE CAVE - 15678,(818) 912-2348,N/A,679E EAST ST UNIT G,SIMI VALLEY,CA,93065,FALSE, 
THE SOUND SHOP - 15678,(919) 721-7664,N/A,PO BOX 2815,CHINO,CA,91708,FALSE, 
THE UPHOLSTERY ZONE INC - 15678,(805) 844-5356,N/A,2280 SHASTA WAY #106,SIMI VALLEY,CA,93065,FALSE, 
Thorson Buick GMC - 15678,(626) 795-8851,N/A,3456 E. Colorado Blvd,Pasadena,CA,91107,FALSE, 
Thousand Oaks Toyota - 15678,(805) 497-2791,N/A,1,Thousand Oaks,CA,91362,FALSE, 
THUMBPRINT - 15678,(805) 527-9491,N/A,480 E EASY ST,SIMI VALLEY,CA,93065,FALSE, 
TIRE PROS - 15678,(805) 527-3867,N/A,4386 LOS ANGELES AVE,SIMI VALLEY,CA,93063,FALSE, 
TLS Auto Recycling - 15678,(800) 322-5555,N/A,3811 Recyle RD,Rancho Cordova,CA,95742,FALSE, 
Torklift - 15678,(877) 343-6933,N/A,322 Railroad Ave N.,Kent,WA,98032,FALSE, 
TOYO PARTS ONLY - 15678,(818) 765-0322,N/A,11540 HART ST,NORTH HOLLYWOOD,CA,91605,FALSE, 
TOYOTA  OF ORLANDO - 15678,(407) 298-4500,(407) 298-4500,3575 VINELAND ROAD,ORLANDO FLORIDA,CA,32811,FALSE, 
Toyota of Glendale - 15678,(818) 244-7508,N/A,1260 S. Brand Blvd,Glendale,CA,91204,FALSE, 
Toyota Santa Monica - 15678,(310) 382-8830,N/A,1,Santa Monica,CA,90401,FALSE, 
TREBOL WHEELS & BUMPERS - 15678,(909) 764-9375,N/A,360 S. East End Ave #E,Pomona,CA,91766,FALSE, 
TRI COUNTY AUTO DISMANTLERS - 15678,(805) 647-8440,N/A,950 MISSION ROCK ROAD,SANTA PAULA,CA,93060,FALSE, 
TURBO CITY DISMANTLERS - 15678,(323) 221-1191,N/A,554 N MISSION RD,LOS ANGELES,CA,90033,FALSE, 
UHAUL - 15678,(805) 584-9374,N/A,1577 E LOS ANGELES AVE,SIMI VALLEY,CA,93065,FALSE, 
Universal City Nissan - 15678,(818) 769-8100,N/A,3550 CAHUENGA BLVD WEST,LOS ANGELES,CA,90068,FALSE, 
Universal Mitsubishi - 15678,(626) 628-9301,N/A,1125 Central Ave,Duarte,CA,91010,FALSE, 
URO PARTS - 15678,(800) 290-5555,N/A,555 E. EASY STREET,SIMI,CA,93065,FALSE, 
Valencia Acura - 15678,(818) 788-4610,N/A,23955 Creekside Road,Valencia,CA,91355,FALSE, 
VALLADARES PINSTRIPING - 15678,(818) 269-5336,N/A,8935 BURNET AVE,NORTH HILLS,CA,91343,FALSE, 
Ventura Toyota - 15678,(805) 650-0510,N/A,6360 AUTO CENTER DRIVE,VENTURA,CA,93003,FALSE, 
VENTURA VOLKWAGEN - 15678,(805) 642-6707,N/A,6360 AUTO CENTER DRIVE,VENTURA,CA,93003,FALSE, 
VICREZ BUSINESS - 15678,(805) 581-1671,N/A,12.156.252.42,CA,CA,91740,FALSE, 
VISTA FORD WOODLAND HILLS - 15678,(818) 884-7600,N/A,21501 VENTURA BLVD,WOODLAND HILLS,CA,91364,TRUE, 
WALKER 400 AUTO DISMANTLING - 15678,(909) 463-6396,N/A,13107 WHITTRAM AVE,RANCHO CUCAMONGA,CA,91739,FALSE, 
walmart - 15678,(805) 581-1666,N/A,255 Cochran St,Simi Valley,CA,93065,FALSE, 
"Warren Dist, Inc-Moorpark - 15678",(805) 658-2386,N/A,5316 KAZUKO CT,MOORPARK,CA,93021,FALSE, 
WARREN DISTRIBUTING INC - 15678,(805) 658-2386,N/A,8737 DICE ROAD,SANTA FE SPRINGS,CA,90670,FALSE, 
WEST HILLS TOWING - 15678,(818) 884-0068,N/A,7333 DEERING AVE,CANOGA PARK,CA,91303,FALSE, 
WESTLAKE HYUNDAI - 15678,(805) 719-4384,N/A,1,THOUSAND OAKS,CA,91362,FALSE,Electronic
WESTSIDE AUTOMOTIVE CENTER - 15678,(818) 887-7607,N/A,7252 ETON AVE,CANOGA PARK,CA,91303,FALSE, 
Wheels America - 15678,(713) 686-1311,N/A,4750 Sherwood Lane,Houston,TX,77092,FALSE,Electronic
WOODLAND HILLS HONDA - 15678,(818) 887-7111,N/A,6111 TOPANGA CANYON BLVD,WOODLAND HILLS,CA,91367,TRUE, 
WOODLAND HILLS HYUNDAI - 15678,(818) 346-6200,N/A,20539 VENTURA BLVD,WOODLAND HILLS,CA,91364,FALSE, 
WORLD DISMANTLER - 15678,(323) 245-7191,N/A,5228 SAN FERNANDO RD,GLENDALE,CA,91203,FALSE, 
WURTH USA INC. - 15678,(888) 273-1372,N/A,P.O. BOX 843948,DALLAS,TX,75284,FALSE, 
